{"optimality percentage": 0.85, "_step": 300, "_runtime": 23891.964534521103, "max reward": 1.0, "iter mean reward": 0.9605681818181818, "min reward": 0.6363636363636364, "_timestamp": 1604977193.5093946}
