{"_step": 10, "_runtime": 1.220627784729004, "_timestamp": 1631809342.3496456, "all scores": 0.9333333333333333, "final score for each game": 0.9333333333333333}
