Method,Elapsed time (average)
vanilla MCTS,9.83694541454315
Self-play RL,1.9026792049408
Lego,0.024300336837769
HVRAA,0.01227114200592
