{"min reward": 0.0, "optimality percentage": 0.7, "_step": 300, "_runtime": 22658.139528512955, "max reward": 1.0, "_timestamp": 1605301086.266642, "iter mean reward": 0.9094230769230769}
