{"mean reward": 0.9975999999999999, "_runtime": 34.45497274398804, "_step": 0, "_timestamp": 1594162291.353972}
