{"_runtime": 1.3431382179260254, "_timestamp": 1631809037.6834455, "all scores": 0, "_step": 10, "final score for each game": 0}
