{"min reward": 0.0, "max reward": 1.0, "iter mean reward": 0.9196969696969697, "optimality percentage": 0.85, "_step": 300, "_timestamp": 1604898161.518674, "_runtime": 24674.19035410881}
