{"max reward": 1.0, "optimality percentage": 0.95, "_runtime": 23273.708198308945, "iter mean reward": 0.9961538461538462, "min reward": 0.9230769230769231, "_timestamp": 1605301752.8179219, "_step": 300}
