{"iter mean reward": 0.9133333333333333, "_step": 300, "_runtime": 22970.795326948166, "max reward": 1.0, "_timestamp": 1604896171.192235, "min reward": 0.0, "optimality percentage": 0.8}
