{"min reward": 0.6666666666666666, "_timestamp": 1605301781.1695313, "optimality percentage": 0.9, "_runtime": 23230.00911283493, "max reward": 1.0, "_step": 300, "iter mean reward": 0.9733333333333334}
